season,date,away_code,home_code,away_score,home_score,status
2026,2026-04-16,CAM,MEX,2,4,Final
2026,2026-04-17,CAM,MEX,8,9,Final
2026,2026-04-18,CAM,MEX,15,14,Final
2026,2026-04-21,MEX,YUC,4,6,Final
2026,2026-04-22,MEX,YUC,4,8,Final
2026,2026-04-23,MEX,YUC,2,4,Final
2026,2026-04-24,MEX,QRO,22,2,Final
2026,2026-04-25,MEX,QRO,12,9,Final
2026,2026-04-26,MEX,QRO,9,4,Final
2026,2026-04-28,MEX,CAM,10,1,Final
2026,2026-04-29,MEX,CAM,2,6,Final
2026,2026-04-30,MEX,CAM,4,0,Final
2026,2026-05-01,OAX,MEX,5,6,Final
2026,2026-05-02,OAX,MEX,9,10,Final
2026,2026-05-03,OAX,MEX,5,6,Final
2026,2026-05-05,VER,MEX,7,8,Final
2026,2026-05-06,VER,MEX,18,4,Final
2026,2026-05-07,VER,MEX,3,25,Final
2026,2026-05-08,MEX,PUE,7,8,Completed Early
2026,2026-05-09,MEX,PUE,1,6,Final
2026,2026-05-10,MEX,PUE,4,6,Final
2026,2026-05-12,MEX,TAB,2,4,Final
2026,2026-05-13,MEX,TAB,4,10,Final
2026,2026-05-14,MEX,TAB,5,6,Final
2026,2026-05-15,TIG,MEX,5,14,Final
2026,2026-05-16,TIG,MEX,7,10,Final
2026,2026-05-17,TIG,MEX,7,15,Final
2026,2026-05-18,MEX,LEO,16,9,Final
2026,2026-05-19,MEX,LEO,15,9,Final
2026,2026-05-20,MEX,LEO,4,14,Final
2026,2026-05-22,MEX,VER,6,4,Final
2026,2026-05-23,MEX,VER,6,1,Final
2026,2026-05-24,MEX,VER,14,4,Final
2026,2026-05-26,MEX,YUC,2,1,Final
2026,2026-05-27,MEX,YUC,,,Postponed
2026,2026-05-28,MEX,YUC,5,6,Final
2026,2026-05-28,MEX,YUC,6,5,Final
2026,2026-05-29,QRO,MEX,7,19,Final
2026,2026-05-30,QRO,MEX,7,8,Final
2026,2026-05-31,QRO,MEX,2,6,Final
2026,2026-06-02,LEO,MEX,10,4,Final
2026,2026-06-03,LEO,MEX,8,4,Final
2026,2026-06-04,LEO,MEX,12,18,Final
2026,2026-06-05,TAB,MEX,,,Postponed
2026,2026-06-06,TAB,MEX,1,6,Final
2026,2026-06-06,TAB,MEX,0,4,Final
2026,2026-06-07,TAB,MEX,0,4,Final
2026,2026-06-07,TAB,MEX,8,5,Final
2026,2026-06-09,MEX,MVA,3,4,Final
2026,2026-06-10,MEX,MVA,7,3,Final
2026,2026-06-11,MEX,MVA,11,4,Final
2026,2026-06-12,MEX,JAL,7,4,Final
2026,2026-06-13,MEX,JAL,7,4,Final
2026,2026-06-13,MEX,JAL,8,2,Final
2026,2026-06-14,MEX,JAL,5,9,Final
2026,2026-06-15,JAL,MEX,2,5,Final
2026,2026-06-16,JAL,MEX,5,6,Final
2026,2026-06-17,JAL,MEX,13,9,Completed Early
2026,2026-06-19,MTY,MEX,0,10,Final
2026,2026-06-20,MTY,MEX,3,13,Final
2026,2026-06-21,MTY,MEX,2,11,Final
2026,2026-06-22,MEX,CAM,7,8,Final
2026,2026-06-23,MEX,CAM,5,3,Final
2026,2026-06-24,MEX,CAM,3,5,Final
2026,2026-06-29,MEX,OAX,10,7,Final
2026,2026-07-01,MEX,OAX,4,6,Final
2026,2026-07-02,MEX,OAX,9,4,Final
2026,2026-07-03,CAM,MEX,8,5,Final
2026,2026-07-04,CAM,MEX,4,3,Final
2026,2026-07-04,CAM,MEX,6,7,Final
2026,2026-07-07,MEX,TAB,2,0,Final
2026,2026-07-08,MEX,TAB,3,0,Final
2026,2026-07-09,MEX,TAB,2,0,Final
2026,2026-07-10,QRO,MEX,11,13,Final
2026,2026-07-11,QRO,MEX,6,16,Final
2026,2026-07-12,QRO,MEX,6,11,Final
2026,2026-07-14,MEX,TIG,3,1,Final
2026,2026-07-15,MEX,TIG,6,0,Final
2026,2026-07-16,MEX,TIG,13,5,Final
2026,2026-07-17,PUE,MEX,3,5,Final
2026,2026-07-18,PUE,MEX,4,5,Final
2026,2026-07-19,PUE,MEX,1,12,Final
2026,2026-07-21,MEX,LEO,9,7,Final
2026,2026-07-22,MEX,LEO,4,7,Final
2026,2026-07-23,MEX,LEO,6,8,Final
2026,2026-07-24,VER,MEX,4,11,Final
2026,2026-07-25,VER,MEX,7,10,Final
2026,2026-07-26,VER,MEX,2,8,Final
2026,2026-07-27,YUC,MEX,5,3,Final
2026,2026-07-28,YUC,MEX,2,14,Final
2026,2026-07-29,YUC,MEX,2,14,Final
2026,2026-07-29,YUC,MEX,7,8,Final
2026,2026-07-31,OAX,MEX,5,15,Final
2026,2026-08-01,OAX,MEX,5,15,Final
2026,2026-08-01,OAX,MEX,6,7,Completed Early
2026,2026-08-02,OAX,MEX,12,3,Final
2026,2026-08-04,MEX,TIG,3,2,Final
2026,2026-08-05,MEX,TIG,2,0,Final
2026,2026-08-06,MEX,TIG,18,0,Final
